{
  "WorkItem": {
    "AffectedComponent": {
      "Name": "",
      "DisplayName": ""
    },
    "ClosedComment": "",
    "ClosedDate": null,
    "CommentCount": 0,
    "Custom": null,
    "Description": "When ruler is small and trying to move it fast, the ruler isn't being moved, it's stretched instead of it.\nTo be investigated.",
    "LastUpdatedDate": "2013-02-14T11:06:45.67-08:00",
    "PlannedForRelease": "",
    "ReleaseVisibleToPublic": false,
    "Priority": {
      "Name": "Medium",
      "Severity": 100,
      "Id": 2
    },
    "ProjectName": "Ruler",
    "ReportedDate": "2009-02-10T23:41:51.393-08:00",
    "Status": {
      "Name": "Proposed",
      "Id": 1
    },
    "ReasonClosed": {
      "Name": "Unassigned"
    },
    "Summary": "Stretch instead of moving in certain situations",
    "Type": {
      "Name": "Issue",
      "Id": 3
    },
    "VoteCount": 2,
    "Id": 9227
  },
  "FileAttachments": [],
  "Comments": []
}