{
  "WorkItem": {
    "AffectedComponent": {
      "Name": "",
      "DisplayName": ""
    },
    "ClosedComment": "",
    "ClosedDate": null,
    "CommentCount": 0,
    "Custom": null,
    "Description": "Hi,\n\nGreat tool, I have used it for years.\n\nI have just updated to Windows 10 (running on parallels on Mac) and the ruler does not render correctly or update the pixel size.\n\nMark",
    "LastUpdatedDate": "2016-05-19T01:20:49.477-07:00",
    "PlannedForRelease": "",
    "ReleaseVisibleToPublic": false,
    "Priority": {
      "Name": "Unassigned",
      "Severity": 0,
      "Id": 0
    },
    "ProjectName": "Ruler",
    "ReportedDate": "2016-05-19T01:20:49.477-07:00",
    "Status": {
      "Name": "Proposed",
      "Id": 1
    },
    "ReasonClosed": {
      "Name": "Unassigned"
    },
    "Summary": "Not rendering correctly on Windows 10",
    "Type": {
      "Name": "Unassigned",
      "Id": 5
    },
    "VoteCount": 1,
    "Id": 22271
  },
  "FileAttachments": [],
  "Comments": []
}