{
  "WorkItem": {
    "AffectedComponent": {
      "Name": "",
      "DisplayName": ""
    },
    "ClosedComment": "",
    "ClosedDate": null,
    "CommentCount": 0,
    "Custom": null,
    "Description": "Hi,\n\nIf you start dragging the ruler and move your mouse/cursor too quickly the ruler gets dropped and stops being dragged. \n\nWindows 10, current version of Ruler.",
    "LastUpdatedDate": "2017-01-26T03:09:48.557-08:00",
    "PlannedForRelease": "",
    "ReleaseVisibleToPublic": false,
    "Priority": {
      "Name": "Unassigned",
      "Severity": 0,
      "Id": 0
    },
    "ProjectName": "Ruler",
    "ReportedDate": "2017-01-26T03:09:48.557-08:00",
    "Status": {
      "Name": "Proposed",
      "Id": 1
    },
    "ReasonClosed": {
      "Name": "Unassigned"
    },
    "Summary": "Ruler gets 'dropped' when moved quickly",
    "Type": {
      "Name": "Unassigned",
      "Id": 5
    },
    "VoteCount": 1,
    "Id": 22469
  },
  "FileAttachments": [],
  "Comments": []
}