[
  {
    "Id": "0",
    "Name": "1.4 Production",
    "DevelopmentStatus": "None",
    "Description": "Added Vista drawing fix. Thanks to Terry Henning for providing a solution in the bug report months ago. No thinking required on my part. Bravo! Thanks to Tim Thomas, too, for reminding me that I hadn't added the fix.",
    "ReleasedDatge": "0001-01-01T00:00:00",
    "ModifiedDate": "2007-04-19T22:41:08.35-07:00",
    "Files": [
      {
        "Id": "fe2f1a5f-bf08-437b-9c8c-57c3f9e3306b",
        "FileName": "Ruler 1.4.zip",
        "Url": "./0/fe2f1a5f-bf08-437b-9c8c-57c3f9e3306b",
        "Type": "Application",
        "UploadDate": "2007-04-19T22:40:06.38-07:00"
      }
    ]
  }
]