<?xml version="1.0" encoding="UTF-8"?>
<office:document-meta xmlns:office="urn:oasis:names:tc:opendocument:xmlns:office:1.0" xmlns:xlink="http://www.w3.org/1999/xlink" xmlns:dc="http://purl.org/dc/elements/1.1/" xmlns:meta="urn:oasis:names:tc:opendocument:xmlns:meta:1.0" xmlns:ooo="http://openoffice.org/2004/office" xmlns:grddl="http://www.w3.org/2003/g/data-view#" office:version="1.2"><office:meta><meta:initial-creator>User</meta:initial-creator><meta:creation-date>2011-04-17T19:54:28</meta:creation-date><dc:creator>Korzh</dc:creator><dc:date>2012-06-10T20:19:02</dc:date><meta:document-statistic meta:table-count="2" meta:cell-count="14110" meta:object-count="0"/><meta:generator>LibreOffice/3.6$Linux_x86 LibreOffice_project/73f9fb6-115b9dc-d7b744e-21dd070-d656a7</meta:generator></office:meta></office:document-meta>