<?xml version="1.0" encoding="UTF-8"?>
<office:document-styles xmlns:office="urn:oasis:names:tc:opendocument:xmlns:office:1.0" xmlns:style="urn:oasis:names:tc:opendocument:xmlns:style:1.0" xmlns:text="urn:oasis:names:tc:opendocument:xmlns:text:1.0" xmlns:table="urn:oasis:names:tc:opendocument:xmlns:table:1.0" xmlns:draw="urn:oasis:names:tc:opendocument:xmlns:drawing:1.0" xmlns:fo="urn:oasis:names:tc:opendocument:xmlns:xsl-fo-compatible:1.0" xmlns:xlink="http://www.w3.org/1999/xlink" xmlns:dc="http://purl.org/dc/elements/1.1/" xmlns:meta="urn:oasis:names:tc:opendocument:xmlns:meta:1.0" xmlns:number="urn:oasis:names:tc:opendocument:xmlns:datastyle:1.0" xmlns:presentation="urn:oasis:names:tc:opendocument:xmlns:presentation:1.0" xmlns:svg="urn:oasis:names:tc:opendocument:xmlns:svg-compatible:1.0" xmlns:chart="urn:oasis:names:tc:opendocument:xmlns:chart:1.0" xmlns:dr3d="urn:oasis:names:tc:opendocument:xmlns:dr3d:1.0" xmlns:math="http://www.w3.org/1998/Math/MathML" xmlns:form="urn:oasis:names:tc:opendocument:xmlns:form:1.0" xmlns:script="urn:oasis:names:tc:opendocument:xmlns:script:1.0" xmlns:ooo="http://openoffice.org/2004/office" xmlns:ooow="http://openoffice.org/2004/writer" xmlns:oooc="http://openoffice.org/2004/calc" xmlns:dom="http://www.w3.org/2001/xml-events" xmlns:rpt="http://openoffice.org/2005/report" xmlns:of="urn:oasis:names:tc:opendocument:xmlns:of:1.2" xmlns:xhtml="http://www.w3.org/1999/xhtml" xmlns:grddl="http://www.w3.org/2003/g/data-view#" xmlns:tableooo="http://openoffice.org/2009/table" xmlns:calcext="urn:org:documentfoundation:names:experimental:calc:xmlns:calcext:1.0" xmlns:css3t="http://www.w3.org/TR/css3-text/" office:version="1.2"><office:font-face-decls><style:font-face style:name="Arial1" svg:font-family="Arial" style:font-family-generic="swiss"/><style:font-face style:name="Calibri" svg:font-family="Calibri" style:font-family-generic="swiss"/><style:font-face style:name="Arial" svg:font-family="Arial" style:font-family-generic="swiss" style:font-pitch="variable"/><style:font-face style:name="Arial Unicode MS" svg:font-family="&apos;Arial Unicode MS&apos;" style:font-family-generic="system" style:font-pitch="variable"/><style:font-face style:name="SimSun" svg:font-family="SimSun" style:font-family-generic="system" style:font-pitch="variable"/><style:font-face style:name="Tahoma" svg:font-family="Tahoma" style:font-family-generic="system" style:font-pitch="variable"/><style:font-face style:name="Verdana" svg:font-family="Verdana" style:font-family-generic="system" style:font-pitch="variable"/></office:font-face-decls><office:styles><style:default-style style:family="table-cell"><style:paragraph-properties style:tab-stop-distance="0.5in"/><style:text-properties style:font-name="Arial" fo:language="ru" fo:country="RU" style:font-name-asian="Verdana" style:language-asian="zh" style:country-asian="CN" style:font-name-complex="Tahoma" style:language-complex="hi" style:country-complex="IN"/></style:default-style><number:number-style style:name="N0"><number:number number:min-integer-digits="1"/></number:number-style><number:currency-style style:name="N104P0" style:volatile="true"><number:currency-symbol number:language="en" number:country="US">$</number:currency-symbol><number:number number:decimal-places="2" number:min-integer-digits="1" number:grouping="true"/></number:currency-style><number:currency-style style:name="N104"><style:text-properties fo:color="#ff0000"/><number:text>-</number:text><number:currency-symbol number:language="en" number:country="US">$</number:currency-symbol><number:number number:decimal-places="2" number:min-integer-digits="1" number:grouping="true"/><style:map style:condition="value()&gt;=0" style:apply-style-name="N104P0"/></number:currency-style><number:number-style style:name="N116P0" style:volatile="true"><number:number number:decimal-places="0" number:min-integer-digits="1" number:grouping="true"/><number:text>р.</number:text></number:number-style><number:number-style style:name="N116"><number:text>-</number:text><number:number number:decimal-places="0" number:min-integer-digits="1" number:grouping="true"/><number:text>р.</number:text><style:map style:condition="value()&gt;=0" style:apply-style-name="N116P0"/></number:number-style><number:number-style style:name="N117P0" style:volatile="true"><number:number number:decimal-places="0" number:min-integer-digits="1" number:grouping="true"/><number:text>р.</number:text></number:number-style><number:number-style style:name="N117"><style:text-properties fo:color="#ff0000"/><number:text>-</number:text><number:number number:decimal-places="0" number:min-integer-digits="1" number:grouping="true"/><number:text>р.</number:text><style:map style:condition="value()&gt;=0" style:apply-style-name="N117P0"/></number:number-style><number:number-style style:name="N118P0" style:volatile="true"><number:number number:decimal-places="2" number:min-integer-digits="1" number:grouping="true"/><number:text>р.</number:text></number:number-style><number:number-style style:name="N118"><number:text>-</number:text><number:number number:decimal-places="2" number:min-integer-digits="1" number:grouping="true"/><number:text>р.</number:text><style:map style:condition="value()&gt;=0" style:apply-style-name="N118P0"/></number:number-style><number:number-style style:name="N119P0" style:volatile="true"><number:number number:decimal-places="2" number:min-integer-digits="1" number:grouping="true"/><number:text>р.</number:text></number:number-style><number:number-style style:name="N119"><style:text-properties fo:color="#ff0000"/><number:text>-</number:text><number:number number:decimal-places="2" number:min-integer-digits="1" number:grouping="true"/><number:text>р.</number:text><style:map style:condition="value()&gt;=0" style:apply-style-name="N119P0"/></number:number-style><number:number-style style:name="N120P0" style:volatile="true"><number:text> </number:text><number:number number:decimal-places="0" number:min-integer-digits="1" number:grouping="true"/><number:text>    </number:text></number:number-style><number:number-style style:name="N120P1" style:volatile="true"><number:text>-</number:text><number:number number:decimal-places="0" number:min-integer-digits="1" number:grouping="true"/><number:text>    </number:text></number:number-style><number:number-style style:name="N120P2" style:volatile="true"><number:text> -    </number:text></number:number-style><number:text-style style:name="N120"><number:text> </number:text><number:text-content/><number:text> </number:text><style:map style:condition="value()&gt;0" style:apply-style-name="N120P0"/><style:map style:condition="value()&lt;0" style:apply-style-name="N120P1"/><style:map style:condition="value()=0" style:apply-style-name="N120P2"/></number:text-style><number:number-style style:name="N121P0" style:volatile="true"><number:text> </number:text><number:number number:decimal-places="0" number:min-integer-digits="1" number:grouping="true"/><number:text>р. </number:text></number:number-style><number:number-style style:name="N121P1" style:volatile="true"><number:text>-</number:text><number:number number:decimal-places="0" number:min-integer-digits="1" number:grouping="true"/><number:text>р. </number:text></number:number-style><number:number-style style:name="N121P2" style:volatile="true"><number:text> -р. </number:text></number:number-style><number:text-style style:name="N121"><number:text> </number:text><number:text-content/><number:text> </number:text><style:map style:condition="value()&gt;0" style:apply-style-name="N121P0"/><style:map style:condition="value()&lt;0" style:apply-style-name="N121P1"/><style:map style:condition="value()=0" style:apply-style-name="N121P2"/></number:text-style><number:number-style style:name="N122P0" style:volatile="true"><number:text> </number:text><number:number number:decimal-places="2" number:min-integer-digits="1" number:grouping="true"/><number:text>    </number:text></number:number-style><number:number-style style:name="N122P1" style:volatile="true"><number:text>-</number:text><number:number number:decimal-places="2" number:min-integer-digits="1" number:grouping="true"/><number:text>    </number:text></number:number-style><number:number-style style:name="N122P2" style:volatile="true"><number:text> -</number:text><number:number number:decimal-places="0" number:min-integer-digits="0"/><number:text>    </number:text></number:number-style><number:text-style style:name="N122"><number:text> </number:text><number:text-content/><number:text> </number:text><style:map style:condition="value()&gt;0" style:apply-style-name="N122P0"/><style:map style:condition="value()&lt;0" style:apply-style-name="N122P1"/><style:map style:condition="value()=0" style:apply-style-name="N122P2"/></number:text-style><number:number-style style:name="N123P0" style:volatile="true"><number:text> </number:text><number:number number:decimal-places="2" number:min-integer-digits="1" number:grouping="true"/><number:text>р. </number:text></number:number-style><number:number-style style:name="N123P1" style:volatile="true"><number:text>-</number:text><number:number number:decimal-places="2" number:min-integer-digits="1" number:grouping="true"/><number:text>р. </number:text></number:number-style><number:number-style style:name="N123P2" style:volatile="true"><number:text> -</number:text><number:number number:decimal-places="0" number:min-integer-digits="0"/><number:text>р. </number:text></number:number-style><number:text-style style:name="N123"><number:text> </number:text><number:text-content/><number:text> </number:text><style:map style:condition="value()&gt;0" style:apply-style-name="N123P0"/><style:map style:condition="value()&lt;0" style:apply-style-name="N123P1"/><style:map style:condition="value()=0" style:apply-style-name="N123P2"/></number:text-style><number:time-style style:name="N124"><number:minutes number:style="long"/><number:text>:</number:text><number:seconds number:style="long"/></number:time-style><number:time-style style:name="N125" number:truncate-on-overflow="false"><number:hours/><number:text>:</number:text><number:minutes number:style="long"/><number:text>:</number:text><number:seconds number:style="long"/></number:time-style><number:time-style style:name="N126"><number:minutes number:style="long"/><number:text>:</number:text><number:seconds number:style="long" number:decimal-places="1"/></number:time-style><number:number-style style:name="N127"><number:scientific-number number:decimal-places="1" number:min-integer-digits="3" number:min-exponent-digits="1"/></number:number-style><number:number-style style:name="N128"><number:number number:decimal-places="1" number:min-integer-digits="1"/></number:number-style><number:time-style style:name="N129"><number:hours/><number:text>:</number:text><number:minutes number:style="long"/><number:text>:</number:text><number:seconds number:style="long"/><number:text> </number:text><number:am-pm/></number:time-style><number:date-style style:name="N5116" number:language="en" number:country="US"><number:month/><number:text>/</number:text><number:day/><number:text>/</number:text><number:year number:style="long"/></number:date-style><number:date-style style:name="N5117" number:language="en" number:country="US"><number:day/><number:text>-</number:text><number:month number:textual="true"/><number:text>-</number:text><number:year/></number:date-style><number:date-style style:name="N5118" number:language="en" number:country="US"><number:day/><number:text>-</number:text><number:month number:textual="true"/></number:date-style><number:date-style style:name="N5119" number:language="en" number:country="US"><number:month number:textual="true"/><number:text>-</number:text><number:year/></number:date-style><number:time-style style:name="N5120" number:language="en" number:country="US"><number:hours/><number:text>:</number:text><number:minutes number:style="long"/><number:text> </number:text><number:am-pm/></number:time-style><number:time-style style:name="N5121" number:language="en" number:country="US"><number:hours/><number:text>:</number:text><number:minutes number:style="long"/><number:text>:</number:text><number:seconds number:style="long"/><number:text> </number:text><number:am-pm/></number:time-style><number:time-style style:name="N5122" number:language="en" number:country="US"><number:hours/><number:text>:</number:text><number:minutes number:style="long"/></number:time-style><number:time-style style:name="N5123" number:language="en" number:country="US"><number:hours/><number:text>:</number:text><number:minutes number:style="long"/><number:text>:</number:text><number:seconds number:style="long"/></number:time-style><number:date-style style:name="N5124" number:language="en" number:country="US"><number:month/><number:text>/</number:text><number:day/><number:text>/</number:text><number:year number:style="long"/><number:text> </number:text><number:hours/><number:text>:</number:text><number:minutes number:style="long"/></number:date-style><number:number-style style:name="N5125P0" style:volatile="true" number:language="en" number:country="US"><number:number number:decimal-places="0" number:min-integer-digits="1" number:grouping="true"/><number:text> </number:text></number:number-style><number:number-style style:name="N5125" number:language="en" number:country="US"><style:text-properties fo:color="#ff0000"/><number:text>(</number:text><number:number number:decimal-places="0" number:min-integer-digits="1" number:grouping="true"/><number:text>)</number:text><style:map style:condition="value()&gt;=0" style:apply-style-name="N5125P0"/></number:number-style><number:number-style style:name="N5126P0" style:volatile="true" number:language="en" number:country="US"><number:number number:decimal-places="2" number:min-integer-digits="1" number:grouping="true"/><number:text> </number:text></number:number-style><number:number-style style:name="N5126" number:language="en" number:country="US"><style:text-properties fo:color="#ff0000"/><number:text>(</number:text><number:number number:decimal-places="2" number:min-integer-digits="1" number:grouping="true"/><number:text>)</number:text><style:map style:condition="value()&gt;=0" style:apply-style-name="N5126P0"/></number:number-style><number:currency-style style:name="N5127P0" style:volatile="true" number:language="en" number:country="US"><number:currency-symbol/><number:number number:decimal-places="0" number:min-integer-digits="1" number:grouping="true"/><number:text> </number:text></number:currency-style><number:currency-style style:name="N5127" number:language="en" number:country="US"><number:text>(</number:text><number:currency-symbol/><number:number number:decimal-places="0" number:min-integer-digits="1" number:grouping="true"/><number:text>)</number:text><style:map style:condition="value()&gt;=0" style:apply-style-name="N5127P0"/></number:currency-style><number:currency-style style:name="N5128P0" style:volatile="true" number:language="en" number:country="US"><number:currency-symbol/><number:number number:decimal-places="0" number:min-integer-digits="1" number:grouping="true"/><number:text> </number:text></number:currency-style><number:currency-style style:name="N5128" number:language="en" number:country="US"><style:text-properties fo:color="#ff0000"/><number:text>(</number:text><number:currency-symbol/><number:number number:decimal-places="0" number:min-integer-digits="1" number:grouping="true"/><number:text>)</number:text><style:map style:condition="value()&gt;=0" style:apply-style-name="N5128P0"/></number:currency-style><number:currency-style style:name="N5129P0" style:volatile="true" number:language="en" number:country="US"><number:currency-symbol/><number:number number:decimal-places="2" number:min-integer-digits="1" number:grouping="true"/><number:text> </number:text></number:currency-style><number:currency-style style:name="N5129" number:language="en" number:country="US"><number:text>(</number:text><number:currency-symbol/><number:number number:decimal-places="2" number:min-integer-digits="1" number:grouping="true"/><number:text>)</number:text><style:map style:condition="value()&gt;=0" style:apply-style-name="N5129P0"/></number:currency-style><number:currency-style style:name="N5130P0" style:volatile="true" number:language="en" number:country="US"><number:currency-symbol/><number:number number:decimal-places="2" number:min-integer-digits="1" number:grouping="true"/><number:text> </number:text></number:currency-style><number:currency-style style:name="N5130" number:language="en" number:country="US"><style:text-properties fo:color="#ff0000"/><number:text>(</number:text><number:currency-symbol/><number:number number:decimal-places="2" number:min-integer-digits="1" number:grouping="true"/><number:text>)</number:text><style:map style:condition="value()&gt;=0" style:apply-style-name="N5130P0"/></number:currency-style><style:style style:name="Default" style:family="table-cell"><style:table-cell-properties fo:padding="0.028in" style:rotation-align="none"/><style:text-properties fo:color="#000000" style:font-name="Calibri" fo:font-size="11pt" style:font-name-asian="SimSun" style:font-size-asian="11pt" style:font-name-complex="Arial Unicode MS" style:font-size-complex="11pt"/></style:style><style:style style:name="Result" style:family="table-cell" style:parent-style-name="Default"><style:text-properties fo:font-style="italic" style:text-underline-style="solid" style:text-underline-width="auto" style:text-underline-color="font-color" fo:font-weight="bold"/></style:style><style:style style:name="Result2" style:family="table-cell" style:parent-style-name="Result" style:data-style-name="N104"/><style:style style:name="Heading" style:family="table-cell" style:parent-style-name="Default"><style:table-cell-properties style:text-align-source="fix" style:repeat-content="false"/><style:paragraph-properties fo:text-align="center"/><style:text-properties fo:font-size="16pt" fo:font-style="italic" fo:font-weight="bold"/></style:style><style:style style:name="Heading1" style:family="table-cell" style:parent-style-name="Heading"><style:table-cell-properties style:rotation-angle="90"/></style:style></office:styles><office:automatic-styles><style:page-layout style:name="Mpm1"><style:page-layout-properties style:first-page-number="continue" style:writing-mode="lr-tb"/><style:header-style><style:header-footer-properties fo:min-height="0.2953in" fo:margin-left="0in" fo:margin-right="0in" fo:margin-bottom="0.0984in"/></style:header-style><style:footer-style><style:header-footer-properties fo:min-height="0.2953in" fo:margin-left="0in" fo:margin-right="0in" fo:margin-top="0.0984in"/></style:footer-style></style:page-layout><style:page-layout style:name="Mpm2"><style:page-layout-properties style:writing-mode="lr-tb"/><style:header-style><style:header-footer-properties fo:min-height="0.2953in" fo:margin-left="0in" fo:margin-right="0in" fo:margin-bottom="0.0984in" fo:border="2.49pt solid #000000" fo:padding="0.0071in" fo:background-color="#c0c0c0"><style:background-image/></style:header-footer-properties></style:header-style><style:footer-style><style:header-footer-properties fo:min-height="0.2953in" fo:margin-left="0in" fo:margin-right="0in" fo:margin-top="0.0984in" fo:border="2.49pt solid #000000" fo:padding="0.0071in" fo:background-color="#c0c0c0"><style:background-image/></style:header-footer-properties></style:footer-style></style:page-layout><style:page-layout style:name="Mpm3"><style:page-layout-properties fo:page-width="8.2681in" fo:page-height="11.6929in" style:num-format="1" style:print-orientation="portrait" fo:margin-top="0.75in" fo:margin-bottom="0.75in" fo:margin-left="0.7in" fo:margin-right="0.7in" style:first-page-number="continue" style:scale-to="100%" style:writing-mode="lr-tb"/><style:header-style><style:header-footer-properties fo:min-height="0.2953in" fo:margin-left="0.048in" fo:margin-right="0.048in" fo:margin-bottom="0in"/></style:header-style><style:footer-style><style:header-footer-properties fo:min-height="0.2953in" fo:margin-left="0.048in" fo:margin-right="0.048in" fo:margin-top="0in"/></style:footer-style></style:page-layout></office:automatic-styles><office:master-styles><style:master-page style:name="Default" style:page-layout-name="Mpm1"><style:header><text:p><text:sheet-name>???</text:sheet-name></text:p></style:header><style:header-left style:display="false"/><style:footer><text:p>Page <text:page-number>1</text:page-number></text:p></style:footer><style:footer-left style:display="false"/></style:master-page><style:master-page style:name="Report" style:page-layout-name="Mpm2"><style:header><style:region-left><text:p><text:sheet-name>???</text:sheet-name> (<text:title>???</text:title>)</text:p></style:region-left><style:region-right><text:p><text:date style:data-style-name="N2" text:date-value="2012-07-26">00/00/0000</text:date>, <text:time>00:00:00</text:time></text:p></style:region-right></style:header><style:header-left style:display="false"/><style:footer><text:p>Page <text:page-number>1</text:page-number> / <text:page-count>99</text:page-count></text:p></style:footer><style:footer-left style:display="false"/></style:master-page><style:master-page style:name="PageStyle_5f_RAW_20_DATA" style:display-name="PageStyle_RAW DATA" style:page-layout-name="Mpm3"><style:header style:display="false"/><style:header-left style:display="false"/><style:footer style:display="false"/><style:footer-left style:display="false"/></style:master-page><style:master-page style:name="PageStyle_5f_FORMATTED_20_RESULTS" style:display-name="PageStyle_FORMATTED RESULTS" style:page-layout-name="Mpm3"><style:header style:display="false"/><style:header-left style:display="false"/><style:footer style:display="false"/><style:footer-left style:display="false"/></style:master-page></office:master-styles></office:document-styles>